FID,gridcode,Shape_Leng,Shape_Area,Slope
0,1,3608930.97919,39909234.0959,0.1-1.0
1,2,7338105.32012,74583779.8772,1.1-4.0
2,3,5815155.64618,64585357.3794,4.1-10.0
3,4,2922806.86222,43556045.9319,10.1-19.0
4,5,915750.088653,19863239.8552,19.1<